<?xml version="1.0" encoding="UTF-8"?>
<configuration>
    <!-- https://github.com/spring-projects/spring-boot/blob/v1.5.13.RELEASE/spring-boot/src/main/resources/org/springframework/boot/logging/logback/defaults.xml -->
    <include resource="org/springframework/boot/logging/logback/defaults.xml" />

	<springProfile name="dev">
        <property name="LOG_PATH" value="${user.home}/logs" />
    </springProfile>
    <springProfile name="prod">
        <property name="LOG_PATH" value="/home/admin/logs" />
    </springProfile>
	
	<property name="LOG_APP_LOG" value="${LOG_PATH}/app.log" />
	
	<!-- Console 输出格式 -->
    <property name="LOG_PATTERN"
              value="%d{HH:mm:ss.SSS} [%thread] %-5level %logger{100}, %msg%n"/>
              
	<appender name="APP_LOG"
        class="ch.qos.logback.core.rolling.RollingFileAppender">
        <file>${LOG_APP_LOG}</file>
        <encoder>
            <pattern>${LOG_PATTERN}</pattern>
        </encoder>
        <rollingPolicy class="ch.qos.logback.core.rolling.SizeAndTimeBasedRollingPolicy">
            <fileNamePattern>${LOG_APP_LOG}.%d{yyyy-MM-dd}.%i.log</fileNamePattern>
            <maxHistory>7</maxHistory>
            <maxFileSize>50MB</maxFileSize>
            <totalSizeCap>20GB</totalSizeCap>
        </rollingPolicy>
    </appender>   
	
    <appender name="CONSOLE" class="ch.qos.logback.core.ConsoleAppender">
        <encoder>
            <pattern>${LOG_PATTERN}</pattern>
            <charset>utf8</charset>
        </encoder>
    </appender>
	
    <root level="INFO">
    	<appender-ref ref="APP_LOG" />
        <appender-ref ref="CONSOLE" />
    </root>
</configuration>